{"axis1": {"0.25": [0.030000000000000027, 0.14000000000000012, 0.16000000000000014, 0.16000000000000014], "0.5": [0.0, 0.19000000000000017, 0.29000000000000026, 0.3200000000000003], "0.9": [0.0, 0.0, 0.3600000000000003, 0.4300000000000004], "1.3": [0.0, 0.0, 0.0, 0.0]}, "axis2": [[11, 0.5900000000000001, 0.5711986642890533, -0.009999999999999898, -0.028801335710946674], [13, 0.54, 0.483321946706122, -0.05999999999999994, -0.11667805329387798], [15, 0.5, 0.41887902047863906, -0.09999999999999998, -0.18112097952136091], [17, 0.67, 0.7391982714328925, 0.07000000000000006, 0.13919827143289254], [19, 0.63, 0.6613879270715354, 0.030000000000000027, 0.0613879270715354], [21, 0.6000000000000001, 0.5983986006837702, 1.1102230246251565e-16, -0.0016013993162298235], [23, 0.5700000000000001, 0.5463639397547466, -0.029999999999999916, -0.05363606024525336], [26, 0.52, 0.483321946706122, -0.07999999999999996, -0.11667805329387798], [29, 0.63, 0.6499846869496124, 0.030000000000000027, 0.049984686949612445]]}