{
  "float32": {
    "acc": 76.59,
    "params": 76138,
    "size_kb": 297.4140625,
    "mmacs": 9.143232,
    "latency_ms": 0.7785020000301301
  },
  "ternary": {
    "acc": 74.83,
    "params": 76138,
    "size_kb": 23.678725006490403,
    "mmacs": 9.143232,
    "latency_ms": 1.1228679999476299
  },
  "binary": {
    "acc": 71.8,
    "params": 76138,
    "size_kb": 18.4140625,
    "mmacs": 9.143232,
    "latency_ms": 0.9813100000610575
  }
}