{
  "float32": {
    "acc": 94.84,
    "params": 39202,
    "size_kb": 153.1328125,
    "mmacs": 5.08736,
    "latency_ms": 1.23217599990312
  },
  "ternary": {
    "acc": 94.46,
    "params": 39202,
    "size_kb": 11.988029104909115,
    "mmacs": 5.08736,
    "latency_ms": 1.5963579999515787
  },
  "binary": {
    "acc": 94.37,
    "params": 39202,
    "size_kb": 9.2734375,
    "mmacs": 5.08736,
    "latency_ms": 0.9534500003792346
  }
}